comment,pos
台风海神带来大暴雨吉林延边部分群众连夜转移,1
"如今荒芜的火星也曾洪水滔天,说明一个真相",1
埃及发生里氏5.2级地震暂无人员伤亡记录,3
"2020年8月8日星期六,美国爱达荷州斯坦利西南13公里处发生3.0级小地震",3
北京多区突降冰雹局地将有较强降雨,1
"永州暴雨致5人失联,网友热议:这几天南方很多地方都在下暴雨",2
大风和大雨袭击了美国弗吉尼亚州造成多人断电,0
"雷雨大风冰雹,又来山东发布重要天气预报媒体澎湃新闻ThePaper",4
"由于降雨和融雪,不列颠哥伦比亚省部分地区的洪水风险上升,其他地区的洪水风险下降",1
"3.1级轻微地震2020年8月16日星期日,菲律宾大方索省长(达沃东方)(菲律宾)东经61东经051公里",3
暴雨造成凤凰县境内28公里干线公路水毁公路全力保畅通,2
"夏至已过,夏炙继续端午又来雷雨,局地暴雨",2
浙江:提升暴雨应急响应至三级应对新一轮强降水,2
浙江人注意暴雨今夜来袭南方将迎今年最大规模强降雨,2
"贵州人,暴雨大暴雨特大暴雨今晚来袭未来几天还有媒体澎湃新闻ThePaper",2
夏天的暴脾气河南这些地方可能出现冰雹、短时强降雨,4
"2020年7月28日,星期二,波多黎各瓜亚尼拉东南3公里处发生3.2级小地震",3
周末狂风暴雨将给犹他州带来雨雪和大风,0
四川凉山冕宁暴雨引发洪水108国道、灵山景区道路中断,1
"3.1级小地震2020年7月25日星期六,内华达州(美国)米纳市东南30公里处",3
"最新天气预报盖州:12日夜间到13日有中雨,局部大到暴雨",1
"冰雹造成雪景,严重雷暴袭击新南威尔士州和昆士兰州",4
旺娜率队到卧龙特区调研指导山洪泥石流灾害抢险救灾工作,1
"轻磁4.6级地震马里亚纳群岛地区(北马里亚纳群岛),2020年7月17日,星期五",3
强降雨雷暴大风冰雹马上就到铜川人请注意,4
"轻磁4.0级地震2020年7月10日,星期五,OAX(墨西哥)29公里的北伊达尔戈",3
罗城遭遇新一轮暴雨袭击山洪暴发河水猛涨(图)广西新闻图集,2
"4县区15万余人受灾,3万余亩农作物绝收,天水遭遇最强冰雹灾害,全市紧急动员抗灾救灾",4
"美国龙卷风致数人死亡,约300所房屋被毁,冰雹有棒球那么大",4
"未来两小时,黑龙江这些地方将出现雷雨大风天气局地伴有冰雹",4
"明起河北将迎中到大雨,局地伴有冰雹、大风中国唐山环渤海新闻网",4
广东确认敲响全新警钟广东下列区域暴雨大暴雨来袭,2
印尼北苏拉威西发生6.9级地震,3
战暴雨斗冰雹四平交警全力守护群众生命财产安全政务澎湃新闻ThePaper,4
长江2020年第1号洪水形成省水利厅调度沿江涵闸全力排水,1
广西钦州突降暴雨致村民被困消防紧急救援,2
气旋尾端乌埃西给新西兰带来暴雨、大风,0
大风可以在雨雪中刮,0
"洪水:卡诺54人死亡,30356间房屋被毁",1
地震发生后幼儿园老师带176名孩子17秒撤离,3
四川盆地强降水持续华北和东北地区多阵雨或雷阵雨,1
"2.9级小地震2020年8月9日星期日,多洛雷斯(东萨马)(菲律宾)东经70东经041公里",3
"随着暴雨持续,为萨默塞特发出了几次洪水警报",1
重要提醒强对流天气要来可能出现雷暴大风、冰雹、龙卷,4
"2020年8月9日,星期日,土耳其西部海岸附近2.9级小地震",3
冷空气影响西北地区东部华北等地东部和南部海域有大风中新网,0
注意雨水大风降温,0
警惕风王海神已在路上大庆明后天将迎大雨大风天气,0
累计降雨量超过150毫米主城区投入1500余人次抢险排涝,1
"10年一遇超大风暴热带风暴芒果转强,澳大利亚或首当其冲",0
印度古吉拉特邦发生4.5级地震多地有震感,3
精准帮扶因洪涝灾害返贫的困难群众,1
四川贵州局地有大暴雨内蒙江苏等地有雷暴大风或冰雹融媒热头条新闻映象网,4
广西多地有降雨伴有雷暴大风,0
黄岛供电紧急抢修应对暴雨天气大众日报数字报,2
"墨尔本在高峰时段遭遇大冰雹,造成山洪威胁",4
湖北确认倾盆大雨假期卷土重来大雨暴雨将分布湖北如下,1
弥勒未来连续阴雨注意大风、冰雹...媒体澎湃新闻ThePaper,4
7级大风来袭河南这些地方有雨,0
长春遭遇罕见强雨雪大风冰冻天气,0
"好消息北方降雨来了,中雨大雨暴雨大暴雨,811号分布如下",2
我国中东部自北向南将大风降温,0
州长凯特布朗宣布俄勒冈州东部洪水进入紧急状态,1
库斯科奎姆河流域正在分崩离析居民警惕洪水,1
星期三有大雨和大风,0
我省28日又有降雨、降温、大风天气,0
史诗般的冰雹风暴扑灭了北加州熊熊燃烧的野火,4
日媒:日本九州暴雨死亡增至66人熊本县八成为溺亡,2
广西永福连续暴雨袭击启动洪涝灾害二级响应,1
2020年6月13日星期六印度尼西亚苏姆巴瓦地区3.0级小地震,3
广西将重大气象灾害(暴雨)III级应急响应提升为II级,2
黔南贵定县:村庄被洪水围困救援人员连夜奋战6小时转移43人,1
四川丹巴县山洪泥石流堰塞湖自然泄流水位大幅下降,1
"3.5级小地震2020年8月17日,星期一,菲律宾卡廷根(马斯巴特)(菲律宾)南29东008公里",3
"轻磁4.7级地震阿尔及利亚北部,2020年8月8日,星期六",3
"龙卷风挟冰雹突袭绥化致7人死亡98人受伤绥化,兰西县,海伦市中安在线主页管理",4
甘肃岷县遭遇暴雨冰雹强对流天气六乡镇受灾七人死亡,4
2.7级小地震2020年8月9日星期日(伊朗)塞姆南Shahmirzad16公里处,3
汛期气象科技应用系列报道④全程记录完美捕捉记长江中下游梅雨锋暴雨联合科学试验,2
升温↑降温↓还有大风降雨新疆的天气又有变化了,0
"晴朗、多风的天气,追随周日的风暴和大风",0
泰国坤敬府遭冰雹风暴袭击致100多栋民房受损,4
"南方暴雨倾盆,局部地区特大暴雨未来三天,6月2224号天气预报",2
"盘旋的洪水冲走了美联社的两人,17人获救",1
"断崖式降温今起,气温猛降10℃贵州多地暴雨、大暴雨,注意添衣媒体澎湃新闻ThePaper",2
"所有陕西人,暴雨、冰雹将至媒体澎湃新闻ThePaper",4
卡拉布拉吉暴雨造成518头牛死亡,2
山西平顺遭遇暴雨冰雹县城及部分乡镇发生内涝大河网,4
"未来6小时,哈尔滨市部分地区降冰雹",4
大风导致俄亥俄州中部山谷停电,0
"3.8级小地震尼加拉瓜,星期五,2020年8月7日,77公里alsuroestedeJiquillilo",3
"土耳其地震:地震摧毁了她的家,四天后,女孩被活活地从瓦砾中拉出来",3
"萨勒姆警察,消防队忙于应对大风问题",0
「扩散」晋城紧急发布雷暴大风、强降水、冰雹假期要泡汤,4
限行天气本周冷空气携大风、降温来,0
大风降温河南这些地方有雨,0
出乎意料的冰雹袭击了最不可能的州查看这些图片相信,4
雷暴、大风、短时强降水组团来袭郑州等河南7地区都有份儿媒体澎湃新闻ThePaper,0
安徽突发下列倾盆大雨大雨暴雨雷阵雨将分布安徽如下,2
"2020年8月8日星期六,55.21公里长的厄瓜多尔莫罗纳圣地亚哥,3.8级轻微地震",3
日本暴雨已致72人死亡安倍赴灾区为遇难者祈祷,2
西藏东部和南部有雨雪天气阿里和那曲大风天气明显,0
刚刚潍坊安丘突降冰雹现场图视频还有67级雷雨大风,4
"男子暴雨中触电倒地,广州番禺交警及时救助",2
全区今日有较强降雨南宁中到大雨并伴有大风,0
"中雨大雨暴雨大范围降雨来了,注意大风降温媒体澎湃新闻ThePaper",2
"中国洪灾恶化,逾万人被困",1
"视频:大风,雷雨天气预报",0
滨城遭遇暴风雨大海波涛汹涌,1
墨西哥南部发生7.5级地震,3
强降雨和冰雹风暴导致塞维利亚山洪暴发,4
"暴雨南宁多路段内涝堵车,兰海高速马山往都安方向发生山体落石,出行注意安全",2
皖南地区普降暴雨引发洪涝灾害荆楚网湖北日报网,1
低洼王国荷兰是如何与洪涝抗衡的,1
最新消息:蒙哥马利县紧急情况官员准备应对时速达50英里的大风,0
"快速移动,快速打击风暴传递闪电和冰雹,砍伐树木,切断电力",4
"3.8级小地震2020年8月2日,星期日,OAX(墨西哥)奥克斯佩德罗波丘特拉10公里处",3
今夜唐山雷阵雨继续还要小心冰雹......综合新闻唐山环渤海新闻网,4
"今日5县大暴雨,13县暴雨今夜部分乡镇还有大暴雨",2
"群众举报中铝兰州分公司粉尘污染,中铝:基本属实大风天造成大河报网",0
四川甘洛遭暴雨泥石流灾害民警全力开展抢险救援工作,2
"时速99英里的大风,猛烈的雷暴席卷爱荷华州中部超过12.4万爱荷华州没有电力供应。",0
"未来4天,阿坝州有持续强降雨局地可能出现冰雹",4
暴雨、山洪暴发和破坏性的大风将袭击多个州,0
"3.4级小地震2020年7月12日星期日,卡拉扬(卡加延)(菲律宾)西南67W040公里",3
山西平顺遭遇暴雨冰雹县城及部分乡镇发生内涝,4
"四川冕宁发生特大暴雨灾害,已造成3人死亡12人失联",2
新一波龙舟水周五起影响广东局地有大暴雨或特大暴雨雷雨时或伴有雷暴大风政务澎湃新闻ThePaper,2
暴雨雷暴大风双重套餐来袭河南未来三天成雨窝,0
造成12亿美元损失的卡尔加里冰雹列为加拿大第四大损失最严重的自然灾害,4
20日前后宁夏迎来大风降温天气暖气和冷空气谁先到,0
丹巴617山洪泥石流灾害:装机2000千瓦的梅龙电站被冲毁,1
"3.5级小地震2020年8月10日,星期一,加利福尼亚州(美国)孟买海滩SSE14公里处",3
"石家庄突降冰雹,你的车受伤后该怎么办长城原创长城网",4
"多条河流发生超警戒洪水,安徽启动防汛IV级应急响应",1
"雷阵雨中到大雨强对流天气多发,小心大风冰雹媒体澎湃新闻ThePaper",4
宜宾暴雨致部分道路积水有警员在执勤时受伤,2
江苏省再发暴雨警报,1
强降雨致河水暴涨六旬老人被困河中消防紧急救援,1
"2020年6月21日,星期日,波多黎各,加尼卡东南6公里处发生3.5级小地震",3
"6月底,平凉缘何连遇罕见冰雹、暴雨政务澎湃新闻ThePaper",4
泰国多地暴雨成灾巴育下令做好救援工作,2
"空军行动冰雹风暴2,摧毁恐怖分子的藏身处,中和博尔诺的战斗人员",4
市委书记王镇海深入红砂坝镇查看冰雹灾害情况并指导开展救灾工作,4
大庆市区北部、林甸、杜尔伯特北部等地居民注意未来2小时有雷雨大风、冰雹等强对流天气发生媒体澎湃新闻ThePaper,4
"暴雨持续,各地消防昼夜救援未来10天最关键政务澎湃新闻ThePaper",2
注意广西将迎强降雨、短时雷暴大风天气媒体澎湃新闻ThePaper,0
"2020年8月10日,星期一,哥伦比亚北部3.7级小地震",3
温彻斯特洪水:过去、现在和未来,1
广西钦州突降暴雨致村民被困消防紧急救援,2
"昨夜暴雨突袭井陉县城,今晨街头景象令人感动政务澎湃新闻ThePaper",2
暴雨来袭中国石化湘西分公司抗灾保供在行动,2
菲律宾南部地震在地震发生后3个小时内已有十多次有感余震发生,3
长江2020年第4号洪水过境重庆,1
"江西洪涝致682.1万人受灾,超37℃高温天马上杀到抗洪一线这些画面令人泪目媒体澎湃新闻ThePaper",1
"日本熊本县等地暴雨致70人死亡,安倍将视察灾区",2
突发平凉市部分县区遭冰雹侵袭最大宛如鸡蛋甘肃每日甘肃网,4
"未来9天,中雨大雨暴雨,持续不休息,6月715号,天气预报",2
日本熊本县持续暴雨已致5人死亡16人心肺停止,2
"雨一直下,局地雷暴大风全省转移人口2727人媒体澎湃新闻ThePaper",0
"直击日本暴雨:52人死亡,140万人被要求避难,15座桥被冲毁",2
"雷雨大风冰雹未来两天6月296月30号,全国天气预报",4
"刚刚,烟台又下冰雹了现场图视频来了",4
"强风暴系统进入费城后,大风警报生效",0
"墨西哥韦拉克鲁斯,暴雨造成3人死亡,1700栋建筑受损",2
大风暴在加利福尼亚海岸附近造成了创纪录的75英尺的海浪,0
湖南局地大暴雨5人失联8个乡镇20个村进水,2
"贵州桐梓县北部乡镇区域性强降雨,因山洪冲垮房屋致死3人",1
日本气象部门为假地震警报道歉,3
"暴雨袭城网友拍下的这一幕,朋友圈狂点赞上游新闻汇聚向上的力量",2
孟加拉国北部的山洪暴发增加了公众的痛苦,1
"2020年8月5日,星期三,印度尼西亚巴布亚岛北海岸附近发生4.6级轻地震",3
阿尔巴尼亚地震死亡人数增至40人,3
"强降雨造成广西超32万人受灾,暴雨来临如何安全避险",2
可能伴有雷暴、大风和冰雹凉山即将迎来持续性降水天气,4
"潍坊天气要变,雷雨78级大风此外,7月还有个奇怪的天气现象",0
水利部:淮河水系或出现明显洪水过程,1
暴雨袭击恩施部分小区被淹一货车被冲走,2
洪水、污染、蔓延和支离破碎的治理俄亥俄州东北部的水系统正以千滴之差的速度死亡,1
"济南发布暴雨预报今晚开始,连下三天山东多地有强降水媒体澎湃新闻ThePaper",2
广东69日将有大范围强降雨防汛Ⅳ级响应启动,1
"中央气象台:今后三天(6月1820日)全国天气预报,暴雨大到暴雨",2
"雷暴大风强降水,今天还要来",0
"明天,气温大跌绍兴局部有暴雨大风",0
联合国对中国、孟加拉国和尼泊尔洪灾表示关注,1
英国承诺为越南中部洪灾提供649000美元的援助,1
"强风暴给新英格兰部分地区带来破坏性的风和冰雹,引发罕见的山洪暴发",4
北京大风来袭阵风可达8级,0
柬埔寨全境连降暴雨引发严重洪灾,2
"2020年6月13日,星期六,3.1级小地震菲律宾大方省省长东62123公里",3
"暴风星期二:大风,暴雨,也许停电",0
三峡工程今年首次泄洪近期或迎新一轮洪水,1
"麦基诺大桥继续下雨,发出大风警报",0
大冰雹风暴推垃圾桶在街上有趣的视频,4
"周一的大风观测发布了几个爱达荷州,马尔黑尔县,俄勒冈州。",0
"3.2级轻微地震2020年8月1日星期六,大方索省长(达沃东方)(菲律宾)东经28东经122公里",3
四川省地震局专家:珙县5.4级地震属长宁6.0级地震的余震正常起伏活动,3
"轻磁4.0级地震2020年7月11日星期六,OAX(墨西哥)埃斯特德米阿瓦特兰23公里处",3
四川宜宾暴雨致2人死亡边坡垮塌夫妻二人被埋,2
我省28日又有降雨、降温、大风天气东北网民生东北网,0
"中央气象台:未来两天(6月2425号),多地暴雨如注、风狂雨骤",1
"2020年7月26日,周日,日本本州东海岸附近3.8级小地震",3
暴雨、冰雹突袭希腊旅游胜地居民睡梦中被惊醒中新网,4
日本政府认定7月份暴雨为特定紧急灾害,2
重庆12区县因暴雨冰雹灾死亡29人损失约4.2亿搜狐新闻,4
"2020年7月20日,星期一,堪察加半岛(俄罗斯)东海岸附近发生4.0级轻地震",3
印度阿萨姆邦洪灾造成160万人受灾至少34人死亡,1
"强风暴艾拉给芬兰带来了毁灭性的狂风和暴雨,超过9万户家庭断电",1
七下八上防汛关键期西安将出现5次大范围降雨过程,1
"六问近期南方强降雨为什么持续这么久,强度这么猛",1
大风吹倒了树木和电线洛根机场的机库受损,0
甘谷:联合多部门深入乡镇开展冰雹灾情普查,4
伊朗西部发生5级地震,3
"3.7级小地震2020年8月17日星期一,不列颠哥伦比亚省圣菲利佩84公里处发生小地震",3
"大雨局部暴雨、冰雹刚刚,东营发布重要天气预报",4
阿拉斯加安克雷奇5.1级地震,3
"阿富汗洪水造成数十人死亡,许多人仍然失踪",1
辽宁遭暴雨侵袭致城市内涝紧急转移逾12万人宜昌市工程建设培训学校,2
"3.6级小地震2020年8月5日星期三,格罗(墨西哥)阿尔塔米拉诺35公里处的alSUROESTEdeCDALTAMIRANO",3
本周天气暴雨、大风霸占了C位,0
宣威暴雨夜民警连夜敲门480余名群众无一人伤亡,2
注意降温暴雨大风又来捣乱了,0
新一轮降雨今夜登场周六局部有大暴雨上游新闻汇聚向上的力量,2
湖北房县:警民合力洪水中救起3名被困男子,1
埃及遭遇40年以来最极端天气强降雨致20人死亡,1
"阵风89级冰雹强雷暴,未来26小时我省多地将受雷雨大风天气影响",4
贵州、广西、吉林等地有大雨局地有雷暴大风,0
"暴雨雨雨雨雨降降降降降温接下来几天,贵州全是雨来看看你家要下到啥时候媒体澎湃新闻ThePaper",2
"发布335个洪水警报,风暴横扫英国,澳大利亚降雨控制了部分野火",1
6月1日晚暴雨泸州成全省降雨第一名今日开启连晴模式,2
大雪和恶劣天气向东移动的大风暴,0
大风低温霜冻济宁未来两天最低温降至1℃,0
"熊本暴雨,长时间的避难生活坏掉了的家里住的受灾者多数",2
陕西洪水将至防汛应急响应升为Ⅲ级,1
别忘关窗户12级大风雷暴冰雹来了媒体澎湃新闻ThePaper,4
"致命的风暴再次袭击南方:视频,照片显示龙卷风,冰雹的破坏",4
热带风暴伊萨亚斯给新英格兰带来暴雨和大风,0
"凯恩斯一代以来最糟糕的洪水,随着地区道路被切断,数十人获救",1
"房山蓝天救援队一天四起救援,狂风暴雨冰雹中来回奔波",4
本周山西雨雪大风相继出现,0
大风低温霜冻山东未来两天最低温降至1℃,0
"台风梅哈拉来袭福建,并伴有大风、暴雨",0
中雨、大雨、暴雨马上就到昆明720魔咒会不会重现官方回应了,2
爱琴海域地震已致土耳其83人死亡,3
"暴雨袭城,普惠社工为社区居民撑起安全伞",2
今起3天河北省迎大风降温天气最低气温下降6℃至8℃,0
塔吉克斯坦:洪水和泥石流2020年5月,1
"荷兰暴雨成灾,局部地区百年一遇,一女子死亡",2
"天津人注意了雷暴大风小冰雹,未来一周的天气将是...",4
丹尼斯马瑞克:十一月的大风来得早,0
"3.0级小地震2020年7月27日,星期一,阿拉斯加(美国)朱诺东56公里处",3
"权威释疑长江洪涝,太湖水位超警戒,上海安全吗防汛专家:目前安全可控政务澎湃新闻ThePaper",1
献县气象台9月28日发布大风警报,0
今起内蒙古气温偏低有霜冻大风相伴雨雪天,0
广东未来三天多雷雨局地有暴雨8级短时大风就要自媒体,0
飓风亚历克斯给英国部分地区带来暴雨和大风,0
"2020年6月24日,星期三,日本本州东海岸附近发生4.5级地震",3
庆阳:浓浓端午风又逢暴风雨,1
事发大连:窝棚被大风吹进水塘7旬老汉下水捞窝棚时溺水失踪,0
"北极风暴系统:在犹他州北部发布大风警报,阵风高达每小时75英里",0
"四川冕宁发生特大暴雨灾害3人死亡12人失联,极端天气应怎么做",2
"面对暴雨,城建人在行动",2
北京人寿六项措施应对南方洪涝灾害,1
"四川凉山冕宁山洪,消防出动车辆22台,营救被困群众141人",1
"2020年7月5日,星期日,波多黎各,瓜尼卡西南6公里处发生3.4级小地震",3
"四川冕宁特大暴雨已致16人遇难,网友:愿平安",2
受大风影响广东海域所有渔船12日中午前须回港避风,0
"广西这些地方将有大暴雨、雷暴大风,高温可能得到缓解",0
冰雹暴雨水浸天灾不断农民怨失收严重即时新闻两岸on.cc东网,4
"气象专家警告说,星期三有大风、大火危险",0
新强降雨将至中国泛滥危机近在眼前「一江三湖」居民苦不堪言民视新闻网,1
防洪度汛丨通渭供电积极应对强降雨天气,1
美国明尼苏达州严重冰雹造成农作物大面积损失。,4
平安上海暴雨滂沱水漫漫金盾闪耀显忠诚政务澎湃新闻ThePaper,2
从降雨量识读河流山洪灾害风险《中小河流洪水和山洪致灾阈值雨量等级》解读,1
"紧急通知明天凌晨开始,强降雨袭击万州或有大风、冰雹媒体澎湃新闻ThePaper",4
福建多地有暴雨局部大暴雨13日起高温天气回归,1
华北地区雷雨频繁广西东北部局地有大暴雨,1
贵州省气象灾害(暴雨)IV级应急响应调整为Ⅲ级,2
天气预报:大雨和大风,0
"周四周五,又一轮暴雨大雨中雨,卷土重来6月46号天气预报",1
环流天气系统将带来风暴、冰雹和撒哈拉沙尘,4
"注意本周四川盆地迎来今年最强降雨,暴雨大暴雨增多",2
云南暴雨洪涝一家7口被困消防队员紧张救援转移,1
大雨到暴雨又来了梅雨端午继续耍宝,2
紧急提醒910级大风或抵达安徽可能有龙卷风万家热线安徽门户网站,0
强降雨过境宜宾城区已有多处积水严重部分高速入口关闭,1
昨日南通各地突降暴雨最大小时雨强达全国第一,2
今天白天到夜间吉林多地降雨局地雷暴明起全省降雨,1
多段因暴雨管制高速路已经解除管制上游新闻汇聚向上的力量,2
保定800年古城墙因暴雨发生垮塌,2
湖北遭遇入汛以来暴雨范围最广降雨天气,2
暴雨使城市淹没用来救援居民的船只,2
"近期农作物遭遇冰雹容易倒伏,粮食受灾后如何自救",4
"都柏林今天天气:风暴亚历克斯带来大雨和大风,首都周末将被冲走",0
四川在线西昌响水沟暴雨引发泥石流308人提前转移成功避险,2
黔桂湘浙等地有大到暴雨局地有雷暴大风,0
"天气:大风,下午晚些时候可能会下冰雹",4
雷暴大风来袭气温暴跌近20℃本周江苏天气太刺激...政务澎湃新闻ThePaper,0
又来今晚大雨大风冰雹明日天气有变媒体澎湃新闻ThePaper,4
"3.6级轻微地震2020年8月16日,星期日,OAX(墨西哥)克鲁塞西塔43公里alSURESTEdeCRUCECITA",3
烟台莱阳市农业和农村部门:做好冰雹天气受损农作物指导工作,4
内蒙古一市现冰雹天气多路段积水严重媒体澎湃新闻ThePaper,4
山西大部地区有雨雷暴大风相伴,0
降雨降温大风鄂尔多斯未来几天天气,0
5个科拉特地区的洪水警报,1
"大风中,柳州一工厂内工人忽然倒地身亡,凶手竟是",0
"警惕明后天或有大暴雨袭莞,伴有8级短时大风",0
"今起,恩施将迎中等强度降雨,伴有雷暴大风谨防次生灾害政务澎湃新闻ThePaper",0
礼县供电:洪涝灾害保供电军人本色不改变,1
"冰雹从天降,菜刀来阻挡,胶东农民防雹硬核措施",4
"下半年第一股冷空气来袭暴雨强对流天气,东莞接下来会降温",2
冰雹在斯瓦比破坏了38000株卡纳尔烟草作物:调查,4
雨雨雨局部有冰雹政务澎湃新闻ThePaper,4
强对流天气导致本岛东北部局部冰雹,4
"3.7级小地震2020年7月8日,星期三,OAX(墨西哥)皮诺泰帕国家公园4公里处",3
坦桑尼亚暴雨成灾致12人死亡,2
"2020年6月14日,星期日,库兹坦(伊朗)Hoseinieh28公里处发生3.4级小地震",3
北方新报数字报内蒙古30日起再迎雨雪大风降温,0
强降雨致四川多地受灾达州6300多人紧急转移,1
"青少年受重伤,3名成人因大风倒塌而受伤,布朗斯堡零售大楼WISHTV",0
"又一人遇难陕西紧急发布,未来10天雷雨冰雹媒体澎湃新闻ThePaper",4
桂林暴雨,1
"由于星期四的大风天气预报,北部学区做出了改变",0
GS集团捐赠W1b帮助暴雨灾民,1
"2020年8月15日星期六,爱达荷州(美国)斯坦利西北12公里处发生3.0级小地震",3
"大风过后继续清理,清理,成千上万的人没有电",0
广州暴雨引发泥石流:致2人死亡,2
天气预报:多云多雨的周末多云多雨多亏了三角洲的残余物,1
"最近三天,黑龙江省中到大雨,局地雷暴大风",0
日本熊本县暴雨致16死多地成孤岛居民地面写SOS求救,2
大风大雨中杭州城北1家蔬果店门牌突然掉落砸伤两人,0
"凉山州冕宁县发生暴雨灾害,应急管理厅启动三级应急响应",2
安徽黄山明代古桥被洪水冲毁市民冒雨看望,1
高小微:珍惜今天的好天接下来大雨暴雨、雷暴冰雹媒体澎湃新闻ThePaper,4
贵州再次开启暴雨模式多地区地质灾害风险高,2
"日本暴雨受灾地居民:凌晨四点,空气中充满煤气泄漏和污水味",2
"中度5.3级地震美属维尔京群岛圣克罗伊东偏东61公里,2020年10月7日",3
暴雨中救援,2
包括承包商在内的9人在土耳其西部地震倒塌的建筑物上被拘留,3
东非洪灾:影响和影响,1
"暴雨袭击斋浦尔,三个死亡的低洼地区被淹没",2
西部暴洪灾害多发区甘肃陇南安全转移万余人,1
"风暴中心下午更新星期四,9月24日:很多大风天即将来临",0
福建永春:因暴雨涨水致村民被困溪中消防员利用吊车紧急救援,2
地震来了三不躲,3
"轻磁4.0级地震2020年7月17日,星期五,CHIS(墨西哥)托纳拉市116公里alSUROESTEdeTONALA",3
洞庭湖洪水中的野生动物生死营救,1
30秒重庆万州暴雨致8000多人受灾救援进行进行中,2
"2.5级小地震2020年8月16日星期日,大方索省长(达沃东方)(菲律宾)西南71W008公里",3
"紧急提醒大暴雨10级雷暴大风正在派送又双叒叕一波龙舟水来了,至于周末",0
贵州多地持续强降雨省内2条河流发生超警洪水,1
2020年大地震:地面开始隆隆作响时保持安全今日国土安全部,3
"大暴雨10级雷暴大风正在派送又双叒叕一波龙舟水来了,请做好防御",0
很突然特朗普的铁杆支持者被枪杀更大风暴要来了,0
雨阵雨暴雨这场大雨还要继续下到下周,2
让党旗在防汛救灾第一线高高飘扬陈陆:洪水中的生死营救,1
"中国地震台网正式测定:07月18日01时55分在新疆和田地区于田县发生3.4级地震,震源深度8千米。",3
途中暴雨事件,2
未来三天湖南局地将迎暴雨到大暴雨高温天气被浇灭,1
"冰雹风暴会损坏车辆、房屋,同时提醒驾驶员消除安全隐患",4
震级7.7级地震77,3
8月3031日陕西部分地区有小到中雨天气过程伴有降温、大风网易订阅,0
官员警告山猫火下山麓地区的居民在大风来袭时做好疏散准备,0
"怀俄明州野火减缓,但大风天气预报引起关注",0
黔桂湘浙等地有大到暴雨局地有雷暴大风,0
"贵州重庆等九省区市将迎来大到暴雨,局地有雷暴大风",0
本周山西将出现大风降温天气,0
"雷雨大风冰雹,又来山东发布重要天气预报",4
"气象局预测,从本周开始,东北部地区将出现降雪、雨夹雪、冰雹和冻雾",4
中国地震局修订汶川地震震级为八级,3
"2020年7月26日星期日,千岛群岛(俄罗斯)发生轻磁4.5级地震",3
"2020年6月10日,星期三,3.4级地震莫鲁卡海(印度尼西亚)",3
江苏响水遭遇8级大风:21人受伤200余户房屋受损中新网,0
"卡斯帕男子死于摩托车事故,大风难辞其咎",0
埃伦风暴给爱尔兰和英国部分地区带来创纪录的大风和暴雨,0
"3.6级小地震2020年8月3日,星期一,OAX(墨西哥)SALINACRUZ59公里alSUROESTEdeSALINACRUZ",3
多地遭遇冰雹天气甘肃永靖16人受伤社会人民网,4
波多黎各20192020年冬季地震序列使该岛濒临绝境,3
四川冕宁特大暴雨灾害已致12人遇难10人失联,2
江西省人民政府工作动态徐卫明调研指导景德镇市防洪工程补短板及水库调度工作,1
"普尔救生艇下水,以帮助在大风条件下发生故障的船只",0
"2020年8月9日,星期日,波多黎各,加尼卡东南7公里处,3.1级小地震",3
水患日记三峡水库今年首开闸泄洪云贵川渝仍有强降雨,1
"风暴带来大风,大雨,瀑布雪星期四晚上开始",0
"轻磁4.7级地震墨西哥科里马海岸,星期日,2020年7月12日",3
"轻磁4.1级地震2020年7月31日星期五,阿拉斯加(美国)尼科尔斯基以南178公里处",3
长春遭遇罕见强雨雪大风冰冻天气,0
"美国加州发生5.5级地震,震中200公里内有4座大中城市",3
10级雷暴大风部分地区冰雹暴雨山东今晚再迎强对流天气媒体澎湃新闻ThePaper,4
强雷暴给马尼托巴南部带来漏斗云、大风和暴雨,0
"广州暴雨多处路段水浸车辆被淹,部分列车停运,黄埔区4人遇难",2
桑拿天来了昨安徽最高温度达37.8℃局地有雷暴大风等对流性天气万家热线安徽门户网站,0
"大风降温来袭唐县最低气温低至7℃,将持续至",0
江西強降雨將持續一週洪水地質災害風險較大,1
"2020年6月29日,星期一,2.7级小地震吉里特阿达西(地中海)(希腊)",3
"轻型4.1级地震2020年6月24日,星期三,阿拉斯加州(美国)阿特卡东南42公里",3
土耳其东部再次发生5.6级地震前次地震已致1人死亡18人受伤,3
"多地暴雨来袭,福建公安交警提示注意行车安全政务澎湃新闻ThePaper",2
"暴雨一走,35℃跳出来,未来一周湖北省降雨仍频繁",1
"博客:周一潮水和大风仍在继续,但本周天气不错",0
"又一轮暴雨大雨强势来袭,波及8个省区今天下午26号天气预报",2
隋忠诚专题研究部署水库防洪调度工作,1
"波多黎各地震:强地震袭击时,蓬塔文塔纳倒塌",3
"2020年7月11日,星期六,日本本州东海岸附近3.9级小地震",3
"2020年6月17日,星期三,法尔斯(伊朗)达拉布19公里处发生3.4级小地震",3
"地震导致埃斯梅拉达县道路受损,导致道路关闭",3
风力警报湖滨洪水警报大风警报,0
2020年7月13日星期一哥伦比亚北部3.9级小地震,3
显著的海滩侵蚀、粗糙的海浪、大风袭击了沃鲁西亚弗拉格勒海滩,0
"哈里亚娜:胡达,塞尔加要求赔偿冰雹造成的农作物损失",4
注意降温暴雨大风又来捣乱了,0
"3.6级小地震2020年7月24日,星期五,阿拉斯加(美国)埃尔芬湾西北75公里处",3
暴雨突袭阳江8级雷暴大风即将杀到,0
"3.6级小地震奥克斯(墨西哥)奥克斯州萨里纳克鲁兹47公里,2020年7月30日,星期四",3
强降雨致四川省7条河流出现超警戒或超保证水位洪水,1
湖南今起较强降雨来扰短时强降水、雷暴大风齐上阵,0
阿富汗发生6.4级左右地震网友:新疆有震感,3
"六盘水暴雨致多人被困,消防队员紧急援救",2
广西田林:暴雨引发泥石流400多人被紧急疏散当代先锋网国内,2
四川丹巴山洪泥石流灾害:1.4万余人已返回家中,1
"刚刚潍坊突降冰雹,车窗被砸破现场图视频马上还有雷暴大风",4
局部大暴雨泰安高速交警提醒你出行注意安全,2
今日立秋合肥最高32℃安徽将迎新一轮强降水伴雷暴大风万家热线安徽门户网站,0
视频预报今天的零星风暴和沿海洪水。寒冷的前脸和下周秋天的味道,1
"澳大利亚风暴:网球大小的冰雹袭击昆士兰州部分地区,新南威尔士州警告山洪暴发",4
"中央气象台:6月2022日天气预报,强降雨大到暴雨卷土重来",2
"北极风暴系统:在犹他州北部发布大风警报,阵风高达每小时75英里",0
我区启动暴雨Ⅳ级应急响应,2
"韩国普降暴雨,31人死亡,11人失踪",2
"西非尼日尔洪水增多,布基纳法索死亡人数上升",1
确保每户受灾群众都有安全住房洛南县住建局抗击86暴雨洪灾实施危房改造工作纪实,2
吴健深入乡镇查看冰雹灾情指导救灾工作,4
"最新消息:北卡罗来纳州营地洪水中3人死亡,2人失踪,31人获救另有2人死亡",1
四川广西云南等地有暴雨山东辽宁内蒙古局地有雷暴大风或冰雹新闻中心东北新闻网,4
恶劣天气袭击新西兰北岛大风致电力供应中断,0
10月11日1时38分印度发生5.1级地震,3
大风、冷雨、降温国庆我省多云天气为主大河网,0
"今明两日有降雨,伴有雷暴大风",0
"湖北应城4.9级地震武汉震感强烈,还有余震吗更多你关心的问题来了",3
巴西伯南布哥暴雨后山洪暴发,1
"英国天气预报:随着洪水和时速75英里的大风袭击,英国已经做好了16小时的准备",0
海南岛南部仍有强降水我国东南部及南部海域有大风,0
启动防暴雨Ⅳ级应急响应福建省防御强降雨工作视频会议召开中新网福建,2
暴雨洪水致重庆16区县受灾3人死亡经济损失逾1亿中新网,1
"风暴11号:三个城市面临洪水威胁,山区有大风威胁",0
大风警报今晚有效,0
防汛救灾雨城区河北街道第一时间开展防汛救灾工作雅安频道四川新闻网,1
大风导致宾夕法尼亚州中部地区停电。,0
湖北咸宁连日暴雨多部门紧急救援除险,2
非洲萨赫勒地区遭遇了罕见的降雨和创纪录的洪水,1
广东发生雷雨大风冰雹灾害致12人死亡27人受伤搜狐新闻,4
志愿者为洪水灾民搭建棚屋,1
"今年的雨有多大26省份现洪涝灾害,高考受影响媒体澎湃新闻ThePaper",1
"大风警报,建议仍然有效",0
"暴雨袭万州他们奔忙在抢险救援第一线,致敬",2
12级狂风夹着冰雹突袭盐城78人遇难近500人受伤中新网,4
提醒注意湖南将迎入汛以来最强降雨,1
"冰雹造成了价值9700万美元的损失,保险公司宣布这是一场灾难",4
"注意广元暴雨部分景区临时关闭,道路塌方、火车晚点,出行注意安全政务澎湃新闻ThePaper",2
"寒潮来袭,北京气温将狂降12℃伴雨雪8级大风",0
"马斯巴特地震死亡人数升至两千人受伤,余震袭击了卡廷根镇",3
人保财险永胜县支公司启动汛期应急预案应对暴雨灾害,2
"大范围雨水来了3省区有暴雨,四川西藏降水最强,最新天气预报",2
中国南方洪水27省市逾3000万人次受灾图辑,1
注意广西将迎强降雨、短时雷暴大风天气,0
水利部副部长叶建春一行来雨调研山洪灾害危险区防御工作,1
风雨冰雹我市出现强对流天气,4
"在埃塞俄比亚,严重的洪水导致至少32000人流离失所",1
"2020年6月12日,星期五,印度尼西亚东达沃省省长东25S228公里的3.1级小地震",3
"大风大雨预告,新一波龙舟水要来了你准备好了吗",0
"危急一老人因暴雨被困河中,在水里浸泡近两小时",2
9省市部分地区有大到暴雨全国天气降水量预报图闽南网,2
秋分首场雨河北省20个站点降暴雨今天这些地方仍会有大到暴雨,1
菲律宾棉兰老岛发生6.4级深地震,3
日本多地暴雨已致77人死亡24县约1.5万栋房屋受损,2
17日至19日长江上中游及淮河流域将有强降雨,1
未来十天黑龙江省有四次降雨过程局地有冰雹等强对流天气政务澎湃新闻ThePaper,4
"2020年8月8日,星期六,法国格勒诺布尔19公里处发生3.0级轻微地震",3
伊朗伊拉姆省发生5级地震暂无人员伤亡报告,3
"3.4级小地震2020年7月21日星期二,科奎马特兰(墨西哥)33公里阿尔诺伊斯特德科奎马特兰",3
"3.8级小地震2020年7月17日星期五,CHIS(墨西哥)54公里alSUROESTEdeMAPASTEPEC",3
"猛烈的暴雨袭击查尔斯顿,提醒人们气候变化是如何使天气变好的",2
雨还要下阵雨中到大雨冰雹媒体澎湃新闻ThePaper,4
你的财产准备应付暴雨和风暴吗,1
本周山西雨雪大风相继出现,0
重庆近两日暴雨致18万余人受灾造成3人死亡4人失踪,2
暴雨洪涝致江西九江30.8万人受灾,1
卡车被大风吹翻致新西兰奥克兰海港大桥交通拥堵数小时,0
倾盆大雨给拉斯奥拉斯大道附近的社区带来了洪水般的麻烦,1
2020年6月20日星期六多米尼加共和国地区3.4级小地震,3
"N、天气:预报今天有大风暴,发布了山洪警报",0
"焦作暴雨多地开启看海模式,市区积水严重,至少2学校堵车严重",1
今日起北方将迎大范围强降雨局地有冰雹,1
"强水汽汇合,山东明日有35毫米降雨中心,警惕大风局部冰雹",4
1718日黑龙江将迎新一轮强降雨局地暴雨雷暴大风冰雹网易订阅,1
怀俄明州州际公路东南部部分地区大风警报,0
商洛部分地方将出现雷暴大风或冰雹男子犯案潜逃22年后被抓,4
视频图文桃山水库管理处:实时监测科学防控腾出库容迎战汛期洪水媒体澎湃新闻ThePaper,1
"超强台风北上大庆有暴雨,局地大暴雨",1
"3.8级小地震2020年8月18日星期二,菲律宾卡廷根(马斯巴特)(菲律宾)东南偏东025公里",3
"3.0级小地震2020年7月26日,星期日,卢克(西方民都罗)(菲律宾)西南17W038公里",3
"画面惊险贵州多地遭暴雨袭击,房屋、农田受灾,有人受困",2
俄罗斯堪察加半岛发生6.3级地震震源深度340千米,3
蒸煮一整天广东高温不断体感闷热午后需警惕雷雨大风,0
"3.5级小地震2020年8月8日星期六,OAX(墨西哥)50公里alSUROESTEdeSALINACRUZ",3
"中央气象台:未来三天6月307月2号,以下城市迎来雷暴大风冰雹",4
岷县、漳县公安局全力开展强降雨洪涝灾害抢险救灾工作政务澎湃新闻ThePaper,1
卡车被大风吹翻致新西兰奥克兰海港大桥交通拥堵数小时,0
希腊伊兹拉岛附近发生里氏5.1级地震,3
日本九州暴雨酿56人死亡安倍指示认定「特定非常灾害」,2
"冷空气影响新疆将迎降雨天气,这些地方有暴雨天山网",2
天气预报:今晨大风、大雨持续,0
大雨暴雨大暴雨未来三天(6月2628号)全国天气预报,2
大风导致德卢斯北部的野火蔓延,0
明后天保定可能又短时大风、强降水、冰雹等强对流天气,4
希腊洪水:救援队搜救幸存者死亡人数上升,1
暴雨来袭围墙倒塌肥城阳光国际小区15辆车被砸损失由谁承担,2
市地震局加强对前兆观测点的检查与实测,3
菲律宾附近海域发生6.7级地震震源深度10公里,3
寒潮、大风、降雨来了,0
应对近期高温和暴雨安徽高速开展突发事故应急救援演练,2
"轻型4.2级地震秘鲁南部,2020年6月10日,星期三",3
前方有大雨和大风,0
周日大风警报,0
当前我国已全面进入汛期国家防总部署防汛和山洪地质灾害防御工作,1
广东粤北珠三角等局地特大暴雨伴8级雷暴大风,0
黔桂湘浙等地有大到暴雨局地有雷暴大风,0
马鞍山雷雨大风极端天气已致死2人损失过亿,0
"育空和北不列颠哥伦比亚省北部的暴雨导致泥石流,高速公路关闭",2
合川区双凤镇:开展防御暴雨灾害应急演练,2
1985年洪水:追忆35年后那场毁灭性的洪水,1
水利部:南方强降雨持续13条河流发生超警以上洪水,1
越南中部地区出现洪涝灾害已致5人死亡8人失踪,1
2020年6月27日星期六多米尼加共和国地区3.3级小地震,3
"暴雨来袭,鸡公山景区应急防汛总动员",2
我市将出现较强降雨天气,1
"2020年8月10日,星期一,夏威夷(美国)Pāhala东偏东8公里的2.3级小地震",3
"土耳其伊斯坦布尔遭遇山洪和冰雹,造成瘫痪",4
"四川冕宁暴雨坠河逃生者讲述:载8人面包车被山洪冲出百米,3人车顶呼救",1
"今晚,大雨局部暴雨未来三天雨雨雨媒体澎湃新闻ThePaper",2
"山东遭遇20年来最强冰雹,6月还有专家:东北冷涡太强",4
"2020年8月13日,星期四,阿拉斯加(美国)阿库坦东南偏东161公里处发生3.0级小地震",3
暴雨大风雷暴陕西未来20天将进入多雨时段,2
太美了南宁云刷屏朋友圈不过未来一波暴雨大风天气又要来了,0
强烈冰雹袭击斯洛文尼亚中部欧洲2020年第一次大冰雹事件,4
"圣戈尔戈尼奥山口地区大风,红旗警告",0
"江苏响水遭遇8级大风:21人受伤,200余户房屋受损",0
江西确认一场倾盆大雨拍马赶到大雨暴雨落在江西下列区域,2
"雨多,大风,有霜冻快把毛衣穿起来",0
雨季温室大棚如何排洪洪水排放方法解析,1
"强天气警报:2小时内荣昌、江津将有短时强降水,局地伴有雷暴大风",0
"湖州、嘉兴地区出现大暴雨,消防员闻汛而动",2
"中央气象台:今明两天(6月2324号),以下城市将迎来暴雨大暴雨",2
"福州接下来的天气将迎来雷雨大风,今日12点08分就将变天...",0
强大风暴袭击美国东海岸导致超13万用户断电中新网,0
天气紧急提醒雨雨雨8级大风大降温,0
"小型3.5级地震2020年7月28日星期二,危地马拉,10公里alsuroestedeTecojate",3
"发布强雷暴天气预报,北部可能有大风和冰雹",4
紧急提醒910级大风或抵达安徽可能有龙卷风万家热线安徽门户网站,0
人们正在处理冰雹风暴后的损失,4
西南东北山区山洪地质灾害呈多发态势严防死守保障人民群众生命财产安全政务澎湃新闻ThePaper,1
"又下冰雹山东强对流天气再上线,雷雨冰雹9级大风配送中",4
巴州人注意:大风沙尘已经来了今晚没事尽量不要出门,0
广东遭遇冰雹大风造成17人死亡118人受伤,4
都江堰市石瓮村发生山洪紧急转移406人无人伤亡,1
风和冰雹会损坏水果、房屋,4
"莫桑比克风暴和洪水造成22人死亡,数千人受灾",1
新一轮强降雨来袭贵州省启动防汛IV级应急响应,1
卡尔加里东北部的房屋可能在6月的冰雹风暴中进一步受损,4
注意肇庆未来几天强降水雷暴大风来袭,0
四川特大暴雨凉山消防救援,2
"投资近两千万钦州将再修建一座大风江大桥,开始施工招标",0
"明天又要下暴雨喽,还有8级大风",0
"气温大跳水,大风寒潮雨水套餐已到货",0
降雨多发地土壤已饱和水利部:山洪防御形势十分严峻,1
中央气象台:浙江局地有810级雷暴大风,0
"暴雨不断,损失惨重,后续的理赔让人操碎了心政务澎湃新闻ThePaper",2
强化隐患排查河北省以临战状态做好洪涝灾害防御工作,1
官宣:明日初雪随后大风降温,0
科罗拉多州天气:大风真热山上只有有限的雪,0
"中震级5.1级地震哥斯达黎加圣何塞西南23公里,星期六,10月31日下午11:01(格林尼治标准时间6)",3
龙山:深夜暴雨小区被淹消防紧急疏散被困人员,2
新住宅、高速公路增加了火鸡北海岸的洪水风险,1
广西全省雨水持续5市雨势强劲局地有暴雨,2
"云南昭通暴雨引发洪灾造成3人遇难,3万余人不同程度受灾",1
降雨警报使易受洪水侵袭的中部地区的屏障处于待命状态,1
10月巴中主要灾害种类为地质灾害不会出现明显洪水过程四川新闻网,1
墨西哥发生7.5级地震余震累计达147次中国侨网,3
"注意啦山西第二轮强降雨已在路上,地质灾害风险仍需关注",1
"大风,冬季风暴预报了北卡罗来纳州部分地区。",0
暴雨导致42米大树倒塌当地迅速开展抢险救援上游新闻汇聚向上的力量,2
2020年6月22日星期一智利科昆博3.1级小地震,3
"日本熊本暴雨已致22人死亡10人失踪受持续暴雨天气影响,日本九州地区熊本县出现河流泛滥、山体塌方等自然灾害。截至7月6日上午,暴雨已致22人死亡,10人失踪。由于梅雨前线依然保持活跃状态,从西日本",2
孟买楼房因暴雨坍塌酿8人亡,2
"昨夜狂风暴雨,资阳这些地方一片狼藉",1
"2020年6月25日,星期四,印度孟加拉国边境地区,2.8级小地震",3
"甘肃多地遭遇冰雹袭击,预计6省市有雷暴冰雹天气",4
中到大雨暴雨冰雹较强降雨马上到河北下班赶紧回家→媒体澎湃新闻ThePaper,4
美国出现超级单体风暴冰雹大如棒球中国气象局政府门户网站,4
黄河形成2020年一号洪水,1
"随着本周气温的下降,澳大利亚将迎来毁灭性的大风和沙尘暴",0
"汤加群岛地区发生5.7级地震,震源深度230千米",3
"风暴亚历克斯:锚路被洪水淹没,暴雨袭击了整个城市",1
防汛一线筑堡垒众志成城战洪魔天全县城厢镇党委政府防汛减灾救灾工作纪实,1
暴雨致桂林临桂区四村庄被淹当地政府紧急救灾,2
印度尼西亚明古鲁西南偏西方向海域发生6.8级地震,3
豫鄂部分地区有特大暴雨局地有雷暴大风,0
"大雨下午到货强降雨集中在今夜至明天上午,具体天气预报来啦",1
屋顶公司老板被指在冰雹风暴后欺骗库尔曼县居民,4
云南昭通暴雨已致3人死亡1人失踪90间房屋倒塌,2
"小型3.4级地震2020年6月25日,星期四,巴丹群岛(菲律宾)东南72028公里",3
忠县:暴雨袭来干群闻汛而动,1
"印度动用气象武器,对尼泊尔实施人工降雨引发山洪,尼方态度软化",1
大暴雨、11级大风即将抵达广西,0
2日广东将有明显降雨部分地市将出现暴雨,2
"昨日陇东南多地出现冰雹,小长假天气仍需密切关注",4
"周末的风暴系统带来阵阵风和暴雨以下是天气到来的时间,以及打算做什么",2
四川盆地强降雨持续多地将有极端降雨,1
比鸡蛋还大的冰雹昨晚烟台这些地方突遭雷雹农民损失严重,4
大风雷暴强降水今日内蒙古中东部天空不平静,0
"广西将遭三轮强降雨连续暴击,这些地方有特大暴雨广西新闻网",2
重大气象灾害(暴雨)应急响应提升为三级,2
刚刚发布合肥今天将再迎暴雨,2
新英格兰在四分之一世纪首次出现狂风暴雨,2
风暴观察:特鲁奇地区发布山洪警报图卢姆县有严重雷暴警报,1
明日天气冷空气来了雷暴大风天气已发货,0
周末广东龙舟水发力珠三角等地局部有大暴雨或特大暴雨,1
"广东多地将有暴雨8级大风,新一波龙舟水来了",0
"雨来了局地8至10级雷暴大风,4号线今晚延长运营",0
马哈拉施特拉邦洪水造成28人死亡房屋、农作物受损,1
埃基蒂政府向洪水灾民提供援助尼日利亚卫报尼日利亚和世界新闻,1
"开州大暴雨福山村多处房屋倒塌,交通中断上游新闻汇聚向上的力量",2
水利部部署北方地区暴雨洪水防御和长江淮河太湖退水期堤防巡查防守工作,1
Telangana各地区的洪水威胁,1
辽宁确认了倾盆大雨马上就下暴雨大暴雨将分布辽宁如下,1
英国天气预报:艾登风暴带来了70英里每小时的大风和大雨,0
"2020年6月17日,星期三,法尔斯(伊朗)德拉姆10公里处发生3.7级小地震",3
"烟台人冰雹10级雷雨大风,高速交警提醒您注意出行安全",4
广西启动重大气象灾害(暴雨)Ⅳ级应急响应新一轮强降雨来袭,2
刚刚发布9级雷雨大风在路上,0
"3.8级小地震2020年7月20日星期一,CHIS(墨西哥)托纳拉133公里alSUROESTEdeTONALA",3
9月11日晚9:59至9月13日凌晨1:00由新南威尔士州堪萨斯城密苏里州普莱斯特山发布洪水警报,1
多州有强烈震感美国一州发生6.5级地震震源深度约2.8公里,3
"新天气未来几天宁夏多雨,局地有雷暴大风但下周有个坏消息",0
江西萍乡遭遇暴雨多地出现险情消防力量持续抢险救援大河报网,2
"密苏里州的阿梅伦为大风做好准备,以防停电",0
大雨暴雨大范围降雨正赶来,1
快新闻长江洪水猛袭安徽部分城区「淹成一片」房屋被淹到只露出屋顶,1
乌干达西部的洪水导致十多人死亡,1
"大风降雨中,小区围墙倒塌砸坏3辆轿车事发兰州市七里河区新津西院小区外西园街道已介入协调工作",0
"冰雹、雨水在巴雷利造成内涝,交通中断",4
"8级大风加降雨,武汉气温将降至个位数",0
"明晚起,小心这里大雨大风",0
16月重庆洪涝灾害造成直接经济损失30.16亿元,1
大风吹翻了15号高速公路丰塔纳的多个大型钻井平台,0
"风暴后周日天气预报中断,洪水",1
"雅安暴雨73岁被埋老人获救后,叮嘱村支书儿子:把村里事情处理好",2
今日立秋大雨暴雨将抵安徽还有78级雷暴大风万家热线安徽门户网站,2
吉林:遭遇历史罕见强雨雪大风冰冻天气高速关闭,0
黑龙江暴雨、大风又来了,0
江西暴雨气象灾害应急响应提升至II级,2
"中到大雨暴雨大范围降雨要来,接下来媒体澎湃新闻ThePaper",2
局部暴雨大风乘风破浪的青岛明日起上演端午天气,0
"高温天气继续发酵,大雨暴雨再次出击,今日午间4日天气预报",2
黄陵:部门联合深入乡镇开展冰雹灾情普查,4
日本熊本县暴雨已致22人死亡伤亡人数或继续上升,2
"3.1级小地震2020年8月15日,星期六,达瑙(Bohol)(菲律宾)北纬28W007公里",3
"地震信息:2020年9月17日星期四5.1级地震03:27UTC所罗门群岛,巴布亚新几内亚",3
重要提醒:暴雨雷雨大风第二波龙舟水要来了,0
"3.2级小地震尼加拉瓜科林托苏罗伊斯特87公里,2020年8月12日,星期三",3
"澳大利亚天气预报:东海岸狂野天气缓和,但全国各地都有大风警报",0
南方多地暴雨持续各地积极应对险情,2
"新疆库尔勒突发冰雹加暴雨,巴州森林消防严阵以待",4
雷雨带来山洪暴发和交通混乱,1
印度东北边境暴雨肆虐:桥梁道路被毁数十人死亡,2
黔西南:昨日多地多次遭受强冰雹袭击气象部门积极应对,4
"河北明天多地有雨,局地还可能有冰雹等强对流天气",4
MLA为巴里寻求防洪机制,1
"注意今天下午,北京局地将有810级雷暴大风或冰雹天气网易订阅",4
"3.2级小地震PioV.Corpuz(林布汉)(马斯巴特)(菲律宾)北纬24007公里,2020年7月10日,星期五",3
重庆巫溪遭暴雨袭击致道路垮塌农田被淹,2
英国天气警告:银行假日将因冰雹、山洪暴发和降雨袭击英国,4
"防御强暴雨,洋浦作了这些部署......政务澎湃新闻ThePaper",2
赶紧回家雷暴大风即将来袭媒体澎湃新闻ThePaper,0
"英国遭遇末日般的雷暴,引发了洪水和电力中断",1
面对夏季强降雨天气聊城宏运物业防汛在行动,1
京津冀等地将现入汛来最强降雨,1
暴雨和糟糕的天气预报使巴拿马的基础设施陷于瘫痪,2
"极端天气持续,东约克郡出现巨大冰雹风暴",4
"紧急冰雹神出鬼没,六一也不等闲,留意强对流天气潍坊发布今天政务澎湃新闻ThePaper",4
"又一轮强降雨来袭,局地有280毫米特大暴雨,6月2830号天气预报",2
长江2020年第3号洪水在长江上游形成,1
越南中部和西原地区暴雨致18人死亡,2
国网沧州供电公司:端午迎战雷雨冰雹恶劣天气,4
SC海岸准备应对热带风暴伊萨亚斯、洪水和大风的冲击,0
中央气象局启动重大气象灾害(暴雨)四级应急响应,2
"气温骤降8℃6级大风下雨,最近的一场下午就到",0
解决断水难题抢修供水管道大海林人洪水中的32小时政务澎湃新闻ThePaper,1
"轻型4.3级地震2020年6月12日,星期五,斯瓦尔巴特和扬马延东北1038公里",3
南方多省发生洪涝灾害房屋垮塌前一家六口惊险逃生荆楚网湖北日报网,1
中考期间有降雨考生要带好雨具,1
10级雷暴大风部分地区冰雹暴雨山东今晚再迎强对流天气政务澎湃新闻ThePaper,4
暴雨的伤痕也无法治愈避难者:要多么痛苦啊,1
中国华电全力以赴积极应对四川特大暴雨,2
国家矿山应急救援靖远队参加甘肃省白银市地震灾害暨危险化学品事故救援综合演练政务澎湃新闻ThePaper,3
江苏响水遭遇8级大风:21人受伤200余户房屋受损,0
铜陵义安区:一家三口齐上阵众志成城战洪魔,1
"越南北部多省发生极端天气,发生严重雷暴和冰雹灾害,温度骤降",4
明天辽宁继续大范围降雨雷雨大风、冰雹相伴,4
"刚刚,东莞惊现龙吸水接下来暴雨8级大风继续政务澎湃新闻ThePaper",2
广东暴雨下不停星级酒店正门坍塌被吞没一行看世界,2
巴西南部龙卷风、暴风雨和冰雹造成至少830人流离失所,4
江苏盐城龙卷风冰雹突袭已致78人死亡近500人受伤,4
东部和南部海区有大风冷空气将影响北方地区,0
"中央气象台:新一轮中雨大雨暴雨,卷土重来,2629号天气预报",2
重庆网红甩甩桥洪水中被漂浮物挂断当地已组织拆除,1
"小型3.6级地震秘鲁南部海岸附近,2020年6月11日,星期四",3
"受黑格比影响,45日将有大风降雨,请注意安全",0
"广西多地暴雨引发洪涝,国家防总启动防汛Ⅳ级响应",1
刚刚平凉市部分县区遭冰雹侵袭最大宛如鸡蛋政务澎湃新闻ThePaper,4
"3.4级轻微地震密歇根州(墨西哥)周一,79公里alSUROESTEdeCOALCOMAN,2020年7月13日",3
贵州、广西、吉林等地有大雨局地有雷暴大风,0
暴雨侵袭浙江全省多座水库超汛限浙江新闻浙江在线,2
梧州:端午假期降雨频繁局部有暴雨天气广西新闻网,2
我市启动气象灾害暴雨、大风Ⅳ级应急响应,2
中新网湖北湖北新闻网双节期间一头一尾多云中间插播七级大风暴雨降温,2
《农民年鉴》预测康涅狄格州的冬季晚些时候会有大风暴,0
暴雨高温今天江苏这些地方仍有强降雨,1
"3.2级小地震2020年8月16日星期日,阿拉斯加(美国)科尔多瓦东南偏南136公里处",3
暴雨、大暴雨、雷暴大风强对流天气今晚又来,2
"波特兰地铁10万在大风中失去电力由于火灾风险,PGE抢先切断胡德山附近的电力",0
"未来5天上海将有大雨到暴雨过程,最大降水可达300毫米",1
气候科学家将把无情的风暴和洪水摧毁越南中部置于显微镜下越南,1
秦安县领导检查指导郭嘉镇冰雹灾害生产自救工作,4
东莞强降水及冰雹已致8人死亡136人受伤,4
"2.9级小地震2020年7月22日星期三,大方索省长(达沃东方)(菲律宾)东经68东经035公里",3
未来两小时黑龙江省多地将出现雷雨大风天气局地伴有冰雹,4
洛杉矶记录的36级地震,3
山西平顺遭遇暴雨冰雹县城及部分乡镇发生内涝闽南网,4
今年汛期重庆共出现11场暴雨天气四区县汛期降水量突破历史极值,2
暴雨来袭江西启动防汛四级应急响应接下来的天气媒体澎湃新闻ThePaper,2
警惕暴雨高温大风将袭击贵州,0
武汉启动城市排渍Ⅲ级应急响应重庆暴雨致21万余人受灾,2
"注意大暴雨特大暴雨,强势来袭,未来3天(2830号)天气预报",2
强对流天气上线冰雹又来明后两天青岛大部地区有阵雨或雷雨,4
暴雨大暴雨河南被雨刷屏郑州雨要下15天,1
霜冻降温大风雨雪内蒙古2至5日天气是这样的,0
"山东继续一到周末就下雨,还有40毫米强中心,大风冰雹要警惕",4
暴雨、山洪暴发在卡纳塔克邦造成严重破坏正常生活中断,2
"洪水产品的建议,手表和警告都有不同的含义",1
尼日利亚洪水摧毁了北部的农作物和房屋,1
"雷暴大风强降水,今天还要来政务澎湃新闻ThePaper",0
"保定博野天气:雨、大风、降温将至,周末出行注意保暖",0
"爱尔兰天气:梅特埃利安警告说,这几天由于暴雨和狂风天气要来袭",2
"3.8级小地震2020年8月3日,星期一,OAX(墨西哥)60公里alSUROESTEdeSPEDROPOCHUTLA",3
"黑龙江省告别了强降水,阵雨模式开启还要注意雷暴大风、冰雹",4
优先考虑尼泊尔洪水问题印度动态,1
"3.4级小地震密歇根州米拉市苏罗伊斯特124公里,2020年8月16日星期日",3
"强降雨,大风袭击塔斯马尼亚,低压系统将向西北各州进发",0
黄河2020年第1号洪水进入宁夏较往年提前2天,1
墨西哥7.5级地震后已累计发生余震147次,3
阵雨大风霜冻降温来啦,0
长沙启动气象灾害(暴雨)IV级应急响应,2
甘肃迎来大风降温及霜冻天气,0
2020年7月25日星期六土耳其西部2.7级小地震,3
2020年6月26日星期五智利安托法加斯塔3.7级小地震,3
黑龙江人注意强降水雷暴大风冰雹拍了拍你,4
2020年8月15日星期六印度尼西亚巴厘岛南部2.7级小地震,3
重庆7区遭遇暴雨袭击降雨过程将持续至23日,2
吉林:启动雪灾冻害大风四级应急响应中国气象局政府门户网站,0
入汛以来最强降雨袭湘西部中部将现大范围暴雨大暴雨,1
"暴雨预报未来三天雨势凶猛,局地伴有强对流天气",2
杰森高格斯预报:今天有大风和阵雨,0
信阳地区将迎来大到暴雨注意预防山洪地质灾害等,1
台湾南部、中部地区遭遇灾难性降雨,1
"强降雨、雷暴、短时大风都来,享受降温别忘防雷防雨",0
"中东部地区有较大范围降水,东北地区华北黄淮等地有大风降温",0
黑龙江人注意雷雨、大风、冰雹、强雷暴来了就在这些地区,4
东部和南部海区有大风冷空气将影响新疆北部地区,0
济南人注意紧急发布10级大风雷雨强降雨局部冰雹,4
天津日报周前期天气静稳有雾霾周中期大风降温来袭,0
熊本暴雨复兴县发表计划明确表示推进流水型水库,2
地震幸存者悼念亲人,3
暴风雪天气:冷锋带来大风和大的气温下降,0
与从暴雨中救过来的重建佛堂有着偶然的缘分,1
紧急甘肃暴发山洪、泥石流,1
"2020年6月18日,星期四,菲律宾东达沃省省长洛尼索(DavaoOriental)东南135公里处发生2.8级小地震",3
紧急提醒雷暴大风、短时强降水正在逼近媒体澎湃新闻ThePaper,0
更糟的事还会发生吗气候变化加剧海得拉巴洪水,1
北方人注意:坏雷雨又要来了权威提醒:河北山西是重点局部冰雹,4
"突发山东泰安突降冰雹,伴随狂风暴雨席卷而来",4
"九江:暴雨突袭水深达1米,小车被困水中,里面传来婴儿哭声",2
大雨再次避开东营大风小阵雨带来短暂清凉,0
"3.5级小地震2020年7月28日,星期二,OAX(墨西哥)特佩勒姆苏尔36公里处",3
"2020年8月18日,星期二,日本博宁群岛地区,5.5级中等地震",3
1888年印度冰雹被命名为历史上世界上最致命的天气事件,4
雷暴大风雷阵雨山西周末泡汤了,0
"盐城响水小尖镇遭遇8级大风:21人受伤,200多户房屋受损",0
龙卷风冰雹席卷希腊北部致6名外国游客死亡百余人受伤,4
"暴雨再次来袭,致敬乘风破浪的蜀黍政务澎湃新闻ThePaper",2
托皮卡西南部清晨房屋失火归咎于大风,0
大风、电线坠落导致大洛厄尔地区停电,0
"热带低气压β:密西西比州将出现暴雨,山洪暴发时系统经过",2
飓风埃塔肆虐中美洲多国遭暴雨袭击中新网,2
注意巴中、达州局地将有特大暴雨,1
江西湖南局地有大暴雨内蒙古山西等地部分地区有雷暴大风或冰雹社会人民网,4
云南昭通强降雨致多地出现山洪、泥石流等灾害,1
"3.9级小地震2020年8月5日,星期三,科隆(墨西哥)泰科曼河畔72公里",3
预计未来6小时内九江市西部等地区伴有短时强降水雷暴大风,0
"大雨袭击海岸,墙倒塌后有人死亡",1
江苏盐城遭龙卷风冰雹袭击已致51人死亡多人受伤中新网,4
"轻型4.4级地震苏门答腊岛(印度尼西亚)北部西海岸附近,2020年6月28日星期日",3
深圳今日有雷阵雨5日至7日局部暴雨伴有雷暴和8级左右大风,0
气候变化、经济活动带来巨大风险日本企业的意识变革,0
"3.9级轻微地震2020年7月2日,星期四,OAX(墨西哥)埃斯康迪多港25公里处",3
"未来三天,雨水不停大风、寒潮接连登场...政务澎湃新闻ThePaper",0
"3.2级轻微地震2020年8月16日星期日,格罗(墨西哥)阿卡普尔科28公里alSURESTEdeACAPULCO",3
暴雨导致皖湘黔等地受灾部分地区启动防汛应急响应,2
安徽1718日仍有持续强降水伴有8级左右雷暴大风,0
"枫普顿附近的野火被完全控制住了,刚好赶上大风",0
热带风暴埃塔在南佛罗里达州引发洪水,1
日本三大名城之一熊本城于6.5级地震中发生崩塌网友哀悼日本频道人民网,3
"山东钩状雨带形成,最大21.5毫米,半岛警惕局部暴雨和气旋大风",0
"中国发布丨注意未来10天这些地区将有暴雨,7月中旬后雨带移到北方",2
"风暴警报继续,该地区再次遭受山洪袭击",1
"四川木里暴雨引发泥石流,道路房屋被毁,但无人员伤亡",2
"新一轮大范围降雨横跨南北暴雨大雨中雨,811号天气预报",2
"四川乐山市马边县发生3.8级地震,震源深度14千米",3
"暴雨导致塌方,民房被毁,道路被堵缅甸钦邦难民举步维艰",2
忠县:暴雨致42米大树倒塌当地政府迅速开展抢险救援,2
保障演练在暴雨中打响,2
大雪大风,0
北约联军成员帮助阿富汗洪水灾民,1
"再升级贵州将防汛应急响应提升至Ⅲ级今晚,大暴雨来袭",2
内蒙古大部遭雨水暴击大雨、雷暴大风来袭,0
周刊地震信息20.8.27月30日(星期四)鸟岛近海地震的紧急地震速报也没有发生摇晃,3
"中央气象台:未来三天2527号,以下城市将暴雨如注,热不可耐",1
"2020年10月10日,星期六,印度莫昂西北偏西27公里处发生5.3级中等地震",3
昆明今起雨水减弱,1
防汛形势严峻南方入汛来第7轮强降雨将进入最强时段,1
"2020年8月8日,星期六,阿拉斯加(美国)佩德罗湾东32公里处发生3.8级小地震",3
视频今明两天重庆仍有雨要来局地或遭遇大到暴雨,2
昨日安徽122个站点出现大暴雨未来一周雨水持续在线,2
暴雨、大雨、中雨、小雨下周的天气让人崩溃,2
华北地区雷雨频繁广西东北部局地有大暴雨社会人民网,2
"3.7级小地震2020年7月23日星期四,萨拉加尼(达沃西方)(印度尼西亚)东南偏东345公里",3
卡车被大风吹翻新西兰奥克兰海港大桥交通拥堵数小时,0
河南全省降雨来了局地有雷暴大风,0
"天气:未来几天,新西兰将遭遇冰雹、山洪、龙卷风等雷暴袭击",4
冷冷冷大风降温雨雨雨未来几天河南多地天气大变,0
重庆17个区县出现暴雨3条河流水位超警戒超保证,2
"在下一个大风暴来袭之前,对风暴术语有什么了解",0
河东区域性暴雨经济损失逾8000万元河东,2
"紧急提醒今天万州超40℃,暴雨大风今晚来袭,大家千万别出门",0
"刚刚,暴雨来袭强降水还将持续贵阳累计最大雨量将达200毫米ZAKER新闻",2
垫江:暴雨引发山洪600余亩农作物受灾,1
"2020年8月17日,星期一,地中海(土耳其)2.9级小地震",3
紧急提醒江门要变天大雨雷暴短时大风上线,0
"雨水殷勤,这天有暴雨",1
"极端暴雨导致临海汇溪32名民工被困,警民火速救援",2
"中央气象台:未来两天(6月34日)全国天气预报,一大片大到暴雨",2
大暴雨5500多群众紧急转移四川日报电子版,2
雷暴大风来袭气温暴跌近20℃本周江苏天气太刺激,0
雨雨雨浙江今日雨水继续刷屏局地需防短时暴雨,2
"重庆万州一家五口被山洪围困,民警救援时险遭洪水冲走",1
"重庆多地暴雨,多条河流现超警戒水位洪水",1
"轻磁4.5级地震日本本州东海岸附近,星期五,2020年7月17日",3
大风大雨又要撞上周一早高峰市防汛部门:加强22日交通疏导,0
"中雨、大风、霜冻依次上阵,呼和浩特十一期间天气",0
四川冕宁特大暴雨致19人遇难3人失联北京青年报,2
"情况紧急鄂尔多斯一地因强降雨引发洪水,多人被困媒体澎湃新闻ThePaper",1
四川马尔康市一乡镇遭遇冰雹袭击部分比核桃还大,4
"降雨,大风,降温同时来袭跟炎热彻底告别",0
"10月6日,哈萨克斯坦将迎来大雾、大风、霜雪",0
"最低2℃,大风下雨,冷空气太强还有官宣",0
山东济南晚高峰时间遭遇强对流天气部分地区有冰雹和短时强降水,4
画面曝光露营遇冰雹狂风暴雨10分钟归平静苹果新闻网苹果日报,4
"2020年6月20日,星期六,2.7级小地震HraunuSkaga(冰岛)东部13.9公里",3
"周五可能会有大风雪进入周六,这是威斯康星州南部活动模式的一部分",0
广东省防风应急响应提升为Ⅲ级南部沿海地市将有暴雨,2
"2020年8月1日,星期六,阿富汗Bāzārak东北8公里处发生4.5级轻地震",3
抓紧分享大庆市16日21日中到大雨冰雹要来了大家注意预防,4
暴雨致部分道路受损浙江新昌清理坍方1800余立方米,2
"注意未来2小时内,市区、林甸南部、肇州等雷达回波明显伴短时强降水、冰雹等强对流天气媒体澎湃新闻ThePaper",4
巴基斯坦暴雨成灾已造成至少49人死亡176人受伤国际人民网,2
在暴雨中失去的我的爱车高台避难是不现实的,1
智利北部发生6.8级地震震源深度110千米,3
大风降温今天山东半岛等地阵风超6级多地有霜冻,0
"暴雨突袭广元,他们挺身而出媒体澎湃新闻ThePaper",2
3.7级小地震巴拿马阿穆列斯港9公里。2020年7月12日星期日,3
洪水致路面塌陷国道351线宝兴段中断四川新闻四川新闻网,1
"埃尔顿约翰被迫下台,他的演出因一场大风暴而取消",0
返程请注意大暴雨雷暴大风又双叒叕要上线了,0
注意强降雨即将抵达,1
紧急通知中雨大雨雷暴大风本周还有两次强降雨天气,0
时隔数日墨西哥瓦哈卡州再地震,3
大风警报值班和火灾天气警报,0
"暴雨致广汽本田工厂新车被淹,涉及飞度缤智等,如何鉴别泡水车",2
"部分地区发布龙卷风警报,风速达每小时70英里,大冰雹也有可能",4
未来十天湘中以北将发生持续性暴雨洪水过程,1
大雨、暴雨、冰雹马上到河北媒体澎湃新闻ThePaper,4
华容一蓄洪垸溃堤紧急转移2.36万人,1
大风警报湖岸洪水警报,0
"星期三大雨将持续,洪灾威胁持续",1
9省市部分地区大到暴雨南方新一轮降雨最强上海热线教育频道,2
"2020年6月26日,星期五,马奈(达沃东方)(菲律宾)88E以北042公里的3.5级小地震",3
每日新报数字报刊平台将迎大风降温,0
宜昌暴雨致多地发生险情当地消防转移营救一千多人,2
罕见冰雹袭击闽北死亡2人直接经济损失3.4亿――中新网,4
10级大风雨水大军已杀到辽宁明日雨水范围缩小,0
居民被告知要清理排水沟的树叶以防洪水泛滥,1
"3.4级小地震2020年7月24日星期五,克尔曼沙赫(伊朗)萨尔波尔扎哈12公里处",3
更新丨新疆于田今天发生6.4级地震另有3.0级以上余震8次,3
尤卡坦严重洪灾,1
湖北三部门总结农业洪涝防灾减灾救灾服务合作成效中国气象局政府门户网站,1
更新:区域处理大风暴造成的损害,0
图集福建水口水电站开闸泄洪,1
突发平凉市部分县区遭冰雹侵袭最大宛如鸡蛋,4
天气预报:河南局地特大暴雨中旬将旱涝急转分析:可能是bug,2
黄河出现今年第1号洪水黄河上游水旱灾害防御Ⅳ级应急响应启动,1
雷暴大风大雨齐聚吉林,0
直击安庆洪水,1
甘肃永靖遭遇冰雹天气:16人受伤经济损失2.75亿元闽南网,4
"轻微3.4级地震危地马拉北部埃赫泰纳戈82公里,2020年8月11日,星期二",3
雨大雨暴雨保山等地滑坡泥石流等地质灾害风险较高,2
"轻磁4.0级地震2020年8月8日,星期六,OAX(墨西哥)萨利纳克鲁兹河畔35公里处",3
冰雹、非季节性降雨破坏小麦作物,1
台风海神将给普兰店带来降雨和较强大风,0
我市积极部署强降雨防汛工作,1
受大风影响舟山今天岛际水上客运部分航线停航浙江新闻浙江在线,0
"信阳暴雨,部分道路、桥梁被淹大河网",2
涼山州山洪暴發河邊賓館遭沖毀即時新聞兩岸on.cc東網,1
注意大风、暴雨冰雹又来要来临沂了媒体澎湃新闻ThePaper,4
贵州再次开启暴雨模式多地区地质灾害风险高,2
定西市市直单位干部职工向岷县漳县等洪涝灾区集中捐款,1
鸡蛋大冰雹袭击贵州镇宁县9人受伤3万余人受灾中新网,4
"日本千叶6.2级地震日本千叶县东北部地区25日凌晨发生6.2级地震,目前尚无人员伤亡和财产损失报告。据日本气象厅消息,地震发生于当地时间25日4时47分(北京时间3时47分),震级为6.2级,震中",3
"卢旺达洪水和泥石流最新情况(卢旺达气象局,NOAA,媒体)(2020年2月5日回声日报快讯)卢旺达",1
双休日北京雷雨仍将频繁来扰局地有大风冰雹注意安全,4
"阵风89级冰雹强雷暴,未来26小时我省多地将受雷雨大风天气影响",4
广东多地遭雷雨大风冰雹17人死亡153人受伤,4
贵州遵义多个乡镇遭受洪涝灾害消防已疏散受灾群众3000余人,1
"轻度4.8级地震2020年8月7日星期五,波多黎各,MagasArriba东南2公里处",3
沈铁积极应对管内雷雨大风天气,0
"2020年7月10日,智利阿塔卡马近海3.5级小地震",3
门罗县大风警报,0
"在登陆季节,区办公室准备应对洪水",1
今年洪涝已致千万人次受灾,1
"未来两小时,商洛这些地方将出现雷暴大风和冰雹天气",4
降温大风明后两天到山东最高直降10℃还有霜冻,0
"淅淅沥沥山西多地降雨持续,并伴有雷暴大风,最低温2℃",0
"今夜,广州又将开启倒水模式,局地10级雷暴大风",0
大风雷暴极端天气下如何安全行车,0
"强降雨和大冰雹影响布里斯班和内陆地区,风暴横扫昆士兰州东南部",4
苏格兰暴雨洪灾导致火车脱轨死亡的原因调查开始,2
天气博客:天气预报终于下雨了,1
"大雨局部暴雨泉州启动应急响应,晋江本周天气",2
鄂尔多斯部分地区发生冰雹灾害,4
重庆9个区县遭遇暴雨多条河流出现超警戒水位洪水,1
"2.7级小地震Fagradalsfjall(冰岛)东北偏东1.1公里,2020年7月20日,星期一",3
"2.8级小地震Gj西北偏西8.6公里古尔塔(冰岛)2020年6月20日,星期六",3
北部小心雷雨和大风中南部注意防晒,0
京津冀等地全力做好大风应对和森林防灭火服务,0
斯洛文尼亚多地遭遇风暴袭击冰雹如鸡蛋一般大小中新网,4
"雷暴大风冰雹又来了黑龙江降雨降温,局地下降810℃政务澎湃新闻ThePaper",4
贵州向近期暴雨洪涝重灾区紧急下拨省级应急救灾资金500万元,1
浙江衢州暴雨积水严重消防员借吊车营救被困者,2
江西永丰遭暴风冰雹袭击直接经济损失1亿7千万搜狐新闻,4
"冕宁古蔺等地昨夜降大暴雨,阿坝小金县发生泥石流灾害致4人失联",2
山西对汛期安全生产发出通知:暴雨威胁矿井安全时,2
雨何时停南方洪灾风险有多高官方最新研判,1
"飓风亚历克斯来袭时,大曼彻斯特地区有三个洪水警报",1
最大降雨量323毫米强降雨致四川多地受灾,1
六月的冰雹是加拿大与雷暴相关的代价最高的事件之一:怡安,4
"暴雨来袭,多地水浸阳江防汛Ⅳ应急响应提升为Ⅲ级政务澎湃新闻ThePaper",2
淮河发生2020第1号洪水王家坝超警戒水位,1
"萨利的大风、大雨造成了严重破坏,彭萨科拉大桥部分坍塌",0
2020年6月27日星期六圣胡安(阿根廷)2.8级小地震,3
"官员发现美国国旗由于大风而落在地上,放在屋主家门口",0
山泥倾泻和大风导致高原和岛屿的旅行困难,0
廣西容縣:暴雨內澇致群眾被困消防緊急救援,2
国家发展改革委下达2.11亿元救灾应急资金支持暴雨洪涝灾害地区抗灾救灾,1
"2020年8月8日,星期六,千岛群岛(俄罗斯)发生轻磁4.5级地震",3
英国英格兰北部河流泛滥后的洪水救援,1
临沂兰陵一石膏矿采空区发生塌陷专家:与地震关联性不强不会造成更大破坏,3
"意大利卡拉布里亚48小时降雨量450毫米,200人获救",1
"一觉醒来,枪声响起,美国更大风暴要来了",0
"3.5级小地震奥斯特德特瓦特佩克43公里,OAX(墨西哥),星期一,2020年7月13日",3
黑龍江省發布中小河流洪水、地質災害、山洪災害等氣象風險預警,1
"2020年7月15日,星期三,希腊,多德卡尼斯群岛,3.6级小地震",3
"湖北新一轮强降雨来了,伴有局部10级大风",0
"阿萨姆邦洪水影响25L,德里房屋倒塌,UkhandBridge倒塌:印度在暴雨肆虐中挣扎",1
强降水、雷暴大风来袭河南六地暴雨,0
"星期天,怀俄明州中部和南部的高速公路被大风封住西部公路上有黑色的冰",0
又一台风生成17日起广西多地迎来大风较强降雨,0
26日至28日湖南迎新一轮强降雨,1
大风导致卡鲁米特县COVID19试验场暂时关闭,0
天气提醒:太原将迎来大风降温天气,0
米开朗基罗皮斯托莱托的意大利艺术中心在洪水后遭受严重破坏,1
贵州六盘水:暴雨来袭29处路段发生泥石流和边坡垮塌,2
风暴弗朗西斯给英国和爱尔兰带来洪水、破坏性降雨和破纪录的大风,0
"2020年6月18日,星期四,爱达荷州斯坦利西北24公里处发生3.0级小地震",3
印度雨季雨量25年新高极端天气事件将增加,1
端午节小长假最后一天暴雨来袭泰州人快看看具体什么情况呢,2
新一轮降水又来山东中西部局部有大暴雨,1
"雷暴大风将至,山西未来三天,我省多降水天气",0
又有人雨天触电身亡暴雨天怎样出行最安全,2
湖泊出水口堵塞是否引发洪水,1
重庆28个区县降下暴雨多条河流出现超保证水位洪水,1
湖南今明天湘西南湘中地区局地有暴雨21日起雨水逐渐停歇,1
"新一轮冷空气来袭今明两天8月2930号,大雨暴雨大暴雨网易订阅",1
最新消息:山洪暴发和严重雷暴警报停止,1
"警告风暴风速每小时60英里,冰雹在Bucks公司发布。",4
东南亚洪水死亡人数接近40人新风暴来临,1
威海市民注意强降水雷暴大风即将来袭新华网山东频道,0
"中央气象台:6月2728日天气预报,暴雨大暴雨席卷而来",2
连续性暴雨来袭福建省启动防暴雨Ⅳ级应急响应,2
浙江部分列车已停运杭州今夜到明天有大风、暴雨,0
"有可能出现强风暴和冰雹,大雨威胁着草原",4
天水市人民政府园区动态天水国家农业科技园区管委会查看果园冰雹灾情,4
未来三天山西多阵雨或雷阵雨雷暴大风相伴,0
豫鄂部分地区有特大暴雨局地有雷暴大风,0
暴风雨冰雹袭击文山州一地因灾死亡1人,4
四川广元暴雨突袭消防连夜疏散转移70余人,2
日本九州一处农药仓库因暴雨受损674公斤农药泄漏,2
"在接下来的48小时内,大风、风暴潮和涨潮将给科克带来新的洪水威胁",0
"怪事双螺旋云现身北方,太空清晰可见分析:可能带来雷暴冰雹",4
本周中河南还有一场大风出门需做好扬尘防护措施,0
"中度5.7级地震新西兰南岛北部圣阿诺以西10公里,2020年9月3日,星期四",3
"3.1级小地震2020年8月2日星期日,科罗拉多州曼萨尼洛14公里alSUROESTEdeMANZANILLO",3
"一定要看视频和照片捕捉冰雹和闪电,暴风雨席卷休斯顿地区",4
受強降雨和地質災害影響四川高速公路5處阻斷16條國省道尚未搶通,1
"受暴雨影响,煤炭专线大秦铁路一周内两次脱轨",2
"2020年6月18日,星期四,智利(墨西哥)托纳拉苏罗埃斯特144公里处发生4.0级地震",3
2020年7月29日星期三3.5级小地震莫鲁卡海北部(印度尼西亚),3
"小型3.2级地震尼加拉瓜alsuroestedeJiquillillo61公里,2020年7月27日,星期一",3
"轻磁4.6级地震2020年8月10日星期一,加利福尼亚州(美国)孟买海滩东南12公里处",3
应急响应升级今晚开始贵州叒有暴雨、大暴雨媒体澎湃新闻ThePaper,2
"大风过后继续清理,清理,成千上万的人没有电",0
上海向安徽提供防洪援助,1
湖南芷江等地降下鸡蛋大冰雹部分民房受损人员受伤,4
北京西部北部出现较强降雨与短时大风山区有小冰雹,4
"注意接下去几天,松阳仍有阵雨、雷雨、大到暴雨新闻中心丽水网",2
"本周大风中,伊利湖相差10英尺",0
"紧急提醒:未来3小时内,济南市区、长清、历城等将出现冰雹911级雷雨大风和短时强降水媒体澎湃新闻ThePaper",4
"吉林辽宁迎来强降雨,暴雨大暴雨遍地,致灾风险高",2
水利部办公厅发出紧急通知要求:压紧压实责任做好山洪灾害防御,1
国家矿山应急救援汾西队组织开展地震应急救援演练政务澎湃新闻ThePaper,3
日环食、惊雷、暴雨一起来还有什么刷爆了福州人的朋友圈,1
"黑龙江多地有雨,后天迎来全省性雨水,雷暴大风相伴",0
一座大坝如何守护千年古府50年一遇的洪水背后浙江治水有秘笈中国网,1
"蒸煮一整天广东高温不断体感闷热,午后需警惕雷雨大风",0
2020年9月4日星期五(印度尼西亚)班达海5.1级中等地震,3
洪灾频发的坎布桑公路需要采取行动来阻止另一个寒冷的冬天,1
大风警报影响到星期一在怀俄明州东南部的旅行,0
"3.0级小地震2020年8月13日星期四,内华达州(美国)米纳东南30公里处",3
2020年6月28日星期日多米尼加共和国地区3.4级小地震,3
"中国气象局:未来三天6月2729号,大雨暴雨大暴雨王者归来",1
暴雨突袭黔西县城消防员多线出击疏散转移被困群众,2
天气实况更新:南极风暴给新西兰带来大风、大雪,0
"轻磁4.1级地震2020年8月13日,星期四,OAX(墨西哥)24公里alSURESTEdeMATIASROMERO",3
刚刚潍坊突降冰雹鸡蛋大小内附现场图,4
"新一轮大雨暴雨,接踵而至官方预报:局地大暴雨",2
贵州、广西、吉林等地有大雨局地有雷暴大风,0
"上月山东遭遇20年以来最强冰雹天气,6月还有气象专家分析原因",4
2020年6月14日星期日圣胡安(阿根廷)3.1级小地震,3
"陕西发布重要天气报告20日起大范围降雨,局地暴雨",2
"金正恩亲自驾驶雷克萨斯,视察和报道暴雨现场",2
"下班时间,佛山大雨雷暴短时大风",0
浙江衢州暴雨连续当地紧急转移安置,1
"数据告诉你:或许你看了很多关于冰雹的新闻,但其实它越来越懒了",4
盐城响水遭遇8级大风袭击200多户房屋受损21人受伤,0
湖南解除暴雨三级应急响应,2
国家发展改革委紧急下达3.09亿元救灾应急资金支持暴雨洪涝灾害地区抗灾救灾,1
雷雨、冰雹在路上媒体澎湃新闻ThePaper,4
"2020年8月17日,星期一,波多黎各,拉帕格拉西南6公里处发生3.2级小地震",3
"四川木里暴雨引发泥石流,紧急疏散318户1447人",2
重庆33个区县降暴雨当地启动防汛Ⅳ级应急响应,2
四川冕宁626特大暴雨灾害受灾最严重区域画面曝光,2
气象局警报:今天埃尔帕索出现今年第一次大风警报,0
强降雨入侵山东或有风暴、冰雹等灾害天气山东频道人民网,4
大风导致密歇根州东南部数千人停电,0
"紧急提醒大暴雨10级雷暴大风正在派送又双叒叕一波龙舟水来了,至于周末",0
断电:PGE将索诺马县早期停电归咎于大风事件,0
3.0级小地震4公里alOestedeLimon。(哥斯达黎加)2020年7月30日星期四,3
大雾大风成主角,0
"3.1级小地震2020年7月22日,星期三,尼加拉瓜,马萨查帕86公里处",3
山东部分地区今日雷雨伴大风国庆首日西北部等地仍有阴雨,0
"突发,实拍阳泉市狂风暴雨现场部分地区突降冰雹",4
"2020年10月8日,星期四,南桑威奇群岛地区,5.2级中等地震",3
中国最大的淡水湖周围发生了前所未有的洪水,1
"山西平顺遭遇暴雨冰雹,县城及部分乡镇发生内涝",4
靖边县8月4日晚预计有大到暴雨局地大暴雨靖边新闻信息网,2
新西兰将迎来十年来最大风暴气象机构对多地区发布警报新闻频道西安网,0
强降雨、雷暴大风将来袭江西三部门联合发紧急通知,0
"龙舟水又来了暴雨8级大风,东莞人的周末要泡汤",0
2.9级小地震2020年7月30日星期四(智利)15公里alNOdeAndacollo,3
越南中部等地暴雨已致28人死亡,2
"山东天气1秒变脸下午到夜间13市有雷雨大风,下班途中请备好雨具",0
"3.1级小地震2020年7月16日,星期四,尼加拉瓜科西古纳,北波托西13公里",3
"四川冕宁特大暴雨已致19人遇难、3人失联据冕宁县政府新闻办公室官方微博,冕宁县626特大暴雨灾害情况通报:截至7月3日17时,在持续搜救过程中发现彝海镇2名失联人员已遇难。目前,彝海镇有16",2
"2020年7月9日,星期四,波多黎各,拉帕格拉东南3公里处发生2.9级小地震",3
飓风亚历克斯给英国部分地区带来暴雨和大风,0
"气温骤降10℃冷空气杀到,广西将迎大雨、暴雨、雷暴大风",0
注意降温暴雨大风又来捣乱了,0
"小震级3.5级地震2020年8月1日星期六,帕农贡(古董)(菲律宾)北纬60西032公里",3
"强雷雨8级大风,七夕过后与你相约媒体澎湃新闻ThePaper",0
这些霍尔县的道路由于洪水、风暴破坏而关闭,1
山西平顺遭遇暴雨冰雹县城及部分乡镇发生内涝,4
英国天气预报:英国人遭遇暴雨、无情大风和闪电威胁,0
"北京遭遇冰雹降雨天气,市排水集团启动一级响应",4
"3.1级小地震2020年8月3日,星期一,圣何塞(西方民都罗)(菲律宾)西南77W044公里",3
江苏长江以北地区三天内有较强降雨,1
"2020年6月15日,星期一,所罗门群岛吉佐西南174公里发生5.1级中等地震",3
"2020年6月27日,星期六,多米尼加共和国地区(特克斯和凯科斯群岛)3.3级小地震",3
湖北咸宁普降暴雨消防紧急救援转移被困民众,2
圣埃斯皮里托44个城镇发布暴雨、风暴和冰雹警报。见列表回复:耶路撒冷,4
"贵州毕节发生4.5级地震,沪昆铁路相关区段线路已封锁",3
"3.4级轻微地震2020年7月18日,星期六,格罗(墨西哥)佩塔兰89公里处的alSUROESTEdePETATLAN",3
"2020年8月11日,星期二,希腊南部3.2级小地震",3
2020年6月12日星期五日本琉球群岛4.7级地震,3
"湖北新一轮强降雨来了,伴有局部10级大风",0
襄阳:工地被淹十五名工人被困消防员强渡洪水救援,1
"内蒙古多地暴雨引发山洪:救助被困人员近500人,1人死亡",1
注意广西将迎强降雨、短时雷暴大风天气,0
"灾害管理小组高度戒备,因为西开普省预报有雨、雪和大风",0
"确定了,140毫米大暴雨下午启动,大到暴雨大暴雨,天气预报",2
"湖北恩施建始暴雨破历史极值,已致5死1失联七环视频澎湃新闻ThePaper",2
"轻微3.8级地震危地马拉北部萨拉马14公里,2020年7月20日星期一",3
所罗门群岛霍尼亚拉附近发生里氏5.5级地震,3
"3.9级小地震2020年8月2日星期日,OAX(墨西哥)57公里alSUROESTEdeSPEDROPOCHUTLA",3
"2020年6月23日,星期二,3.4级小地震莫鲁卡海北部(印度尼西亚)",3
沅陵:暴雨致国道塌方中断公路部门全力抢修保畅通,2
"云南昭通强降雨洪灾:居民凌晨紧急离家车内避险,有电瓶车被冲走",1
轻磁4.1级地震2020年8月13日星期四(智利)51公里alSEdeSocaire,3
紧急福州持续性暴雨来袭,1
圣安娜大风将在圣迭戈感恩节之夜增加野火风险,0
山西平顺遭遇暴雨冰雹县城及部分乡镇发生内涝,4
"警报发布后,风暴席卷东海岸,带来破坏性的风和高尔夫球大小的冰雹",4
"2020年6月22日星期一,智利东北偏斜61公里处发生3.3级小地震",3
下面是Wayanad如何利用微降雨数据成功地减少了季风的破坏,1
"雷雨、大风、冰雹即将上线,学会应急避险看这里政务澎湃新闻ThePaper",4
受欢迎的杜瓦尔玉米迷宫在大雨和大风袭击华盛顿西部后被摧毁,0
旱情持续东北旱区最重的辽宁要来一场透雨了,1
重庆暴雨致1人死1人失踪6万余人受灾,2
雷雨冰雹齐上线端午假期要泡汤了政务澎湃新闻ThePaper,4
费城地区有60英里小时的风暴和冰雹警告,4
吉林省气象局关于重大气象灾害(雪灾、冻害、大风)Ⅳ级应急响应升级至Ⅲ级的决定,0
广西地震局:靖西近期不排除发生4级左右余震的可能,3
冻雨大风长春遭遇极端天气,0
"8级大风暴雨,商丘天气接下来是雨雨雨雨",0
"贝加尔湖风暴出现,雷雨冰雹又要突袭东北未来10天还将持续多雨",4
"2020年7月29日星期三,印度(中国)沿北纬244公里处发生轻磁4.9级地震",3
贵州毕节市赫章县发生4.5级地震,3
对温尼伯湖马尼托巴湖南岸发布大风影响警报,0
"当龙卷风警报结束时,辛科县一些地区出现大冰雹",4
暴雨不停这里已有44万人受灾水利部发声,2
"暴风雪席拉:大风中树倒在车上,男子死亡",0
"2.8级小地震2020年8月9日,星期日,波多黎各,MariaAntonia东南11公里处",3
我省多地遭遇大风冰雹天气未来几天临夏市天气将恢复晴好政务澎湃新闻ThePaper,4
"中央气象台:6月2830日天气预报,以下城市遍地暴雨大到暴雨",2
广西将迎强降雨、短时雷暴大风天气,0
"「气象灾害(暴雨)Ⅳ级应急响应」湖南再迎雨水相对集中期,湘中以北局地暴雨需谨防洪涝",1
两股冷空气制造大风降温山东鲁西北等地最低温2℃有霜冻,0
"3.7级小地震北卡罗来纳州圣罗萨利亚72公里,BCS(墨西哥),星期四,2020年7月23日",3
"罕见天津西青等地突遭激烈冰雹袭击,现场仿若下过大雪",4
今年山东强对流天气特别多5月出现8个冰雹日,4
"280毫米特大暴雨今晚开启未来3天,大雨暴雨,天气预报",1
"寒潮、降雪、大风全来明起吉林省猛降10多度,再回零度以下",0
冷空气夹击强降水短时大风即将到南海政务澎湃新闻ThePaper,0
"还有暴雨刚刚,苏州连夜作出部署",2
"科罗拉多州东北部发布大风警报,数百名格里利居民失去电力",0
未来几天内蒙古全区大部大风降温,0
"2020年6月17日,星期三,加利福尼亚州波德菲什25公里处发生2.7级小地震",3
北方气温大幅上升伴有大风多地森林火险气象等级偏高风干物燥加强火源管控注意防火,0
四川甘孜:暴雨引发泥石流816名学生紧急撤离,2
"2020年6月21日,星期日,冰岛达利克西北12公里处发生4.2级地震",3
贵州惠水遭遇特大暴雨多部门联合参与抢险救灾工作,2
"受持续强降雨影响,湖北和江苏多地启动防汛一级响应",1
8级大风雷雨逐渐包围广东局部暴雨,0
注意降温暴雨大风又来捣乱了,0
昨日空气污染3至4级周日将迎来大风降温,0
"热带风暴伽马暴雨袭击尤卡坦半岛,暴雨、大风",0
"新南威尔士州RivertonWY于10月14日凌晨2:09发布大风警报,直至10月14日晚上7:00MDT",0
战暴雨斗冰雹四平交警全力守护群众生命财产安全,4
"广州天气:暴雨8级大风,凶猛的龙舟水又来啦",0
"注意保暖贵州平均气温降5℃以上,这些地方还有大到暴雨",2
图片画廊:强烈的十月风暴产生大量冰雹报告今天下午,4
"2020年7月1日星期三,莫鲁卡海北部(印度尼西亚)2.9级小地震",3
辽宁遭暴雨侵袭致城市内涝紧急转移逾12万人镇江市化工有限责任公司,2
